Environ 45 000 manifestants à Madrid «pour une Espagne unie»,11 février 2019," | 			Agence France-Presse 
",Europe
Plus de 51 000 gilets jaunes se sont mobilisés en France samedi,11 février 2019," | 			Agence France-Presse 
",Europe
Brésil: au moins 13 morts dans une fusillade,11 février 2019," | 			Agence France-Presse 
",Amériques
Déception en chaîne,11 février 2019, | Maryse Azzaria,Lettres
Hongrie: Orban se pose en défenseur des «chrétiens»,11 février 2019," | 			Agence France-Presse 
",Europe
Rectificatif,11 février 2019," |
        Société
",Société
Rémunération des médecins: logique viciée,11 février 2019," | 			Robert Dutrisac 
",Éditoriaux
Ma dignité vaut plus que la tienne,11 février 2019," | 			Marie-Andrée Chouinard 
",Éditoriaux
Étiquetage alimentaire: de la clarté est réclamée pour faciliter les choix,11 février 2019," | 			La Presse canadienne 
",Santé
Notre choix ce soir,11 février 2019," | 			Amélie Gaudreau 
",Écrans
LNH: les Ducks d’Anaheim congédient l’entraîneur-chef Randy Carlyle,11 février 2019," | 			Associated Press 
",Sports
Seconde médaille d’or pour Mikaël Kingsbury à Deer Valley,11 février 2019," | 			La Presse canadienne 
",Sports
"Élections 2019: de deux maux, le moindre",11 février 2019," | 			Louise Beaudoin 
",Chroniques
NBA: Chris Boucher promu par les Raptors,11 février 2019," | 			La Presse canadienne 
",Sports
Le 7e art prend le pas sur Brahms,11 février 2019," | 			Christophe Huss 
",Musique
L’ombre de l’hitlérisme sur la Berlinale,11 février 2019," | 			Odile Tremblay 
",Cinéma
L’aide humanitaire: principal levier dans le bras de fer vénézuélien,11 février 2019," | 			Ramon Sahmkow - Agence France-Presse	
",Amériques
La désunion de Donald Trump,11 février 2019," | 			Jean-François Nadeau 
",Chroniques
Les municipalités ont besoin d’aide pour faire face aux changements climatiques,11 février 2019, | Jonathan Lapierre,Idées
Les polluants chimiques affectent les bébés exposés dès la grossesse,11 février 2019," | 			Agence France-Presse 
",Santé
Genève interdit aux employés du public de porter des symboles religieux,11 février 2019," | 			Agence France-Presse 
",Europe
Le président algérien brigue un cinquième mandat,11 février 2019," | 			Agence France-Presse 
",Afrique
La course des démocrates pour la Maison-Blanche s’accélère,11 février 2019," | 			Élodie Cuzin - Agence France-Presse	
	, 		Kerem Yucel - Agence France-Presse	
",États-Unis
Donald Trump n’écarte pas un nouveau «shutdown»,11 février 2019," | 			Agence France-Presse 
",États-Unis
Les libéraux exhortent Québec à reculer,11 février 2019," | 			Vicky Fragasso-Marquis - La Presse canadienne	
",Canada
La patineuse Kim Boutin décroche l’or à Turin,11 février 2019," | 			La Presse canadienne 
",Sports
Mikaël Kingsbury remporte une seconde médaille d’or à Deer Valley,11 février 2019," | 			La Presse canadienne 
",Sports
SNC-Lavalin et la justice en matière de corruption,11 février 2019, | Denis Saint-Martin,Idées
De part et d’autre de la classe spéciale,11 février 2019, | Julien Prud’homme,Idées
Quoi surveiller aujourd’hui?,11 février 2019," | 			Guillaume Lepage 
",Société
Courts d’exception au Cinéma du Parc,11 février 2019," | 			Le Devoir 
",Cinéma
"Le vaccin contre le VPH a démontré son efficacité au Canada, selon des études",11 février 2019," | 			Vicky Fragasso-Marquis - La Presse canadienne	
",Science
"Le film «Roma», une production Netflix, triomphe aux BAFTA",11 février 2019," | 			Édouard Guihaire - Agence France-Presse	
",Cinéma
Ski alpin: Vonn obtient le bronze à sa dernière course en carrière,11 février 2019," | 			Andrew Dampf - Associated Press	
",Sports
Les voix identitaires du Québec à la Berlinale,11 février 2019," | 			Odile Tremblay 
",Cinéma
Érosion des côtes: le cri du cœur des Madelinots,11 février 2019," | 			Alexandre Shields 
",Environnement
Urbanisme: abolir ou non les référendums,11 février 2019," | 			Jeanne Corriveau 
",Politique
L’ancien ministre des Finances et ambassadeur Michael Wilson est décédé,11 février 2019," | 			La Presse canadienne 
",Canada
Les changements climatiques bouleversent la conduite automobile,11 février 2019," | 			Florence Sara G. Ferraris  
",Transports / Urbanisme
"Vieillir, la belle affaire",11 février 2019," | 			Sylvie St-Jacques 
",Santé
"Prédire la floraison des cerisiers, très sérieuse mission au Japon",11 février 2019," | 			Natsuko Fukue - Agence France-Presse	
",Asie
Une réponse réglementaire musclée pour sauver les insectes,11 février 2019," | Diego Creimer, Fondation David Suzuki",Lettres
Une facture salée pour persuader les propriétaires d’armes à feu,11 février 2019," | 			Fabien Deglise 
",Québec
Les élèves en mauvaise santé plus à risque de décrocher,11 février 2019," | 			Annabelle Caillou 
",Santé
Le chef du Pentagone en Afghanistan pour sa première visite à l’étranger,11 février 2019," | 			Sylvie Lanteaume - Agence France-Presse	
",Asie
Coup de frein pour la croissance britannique avant le Brexit,11 février 2019," | 			Patrice Novotny - Agence France-Presse	
",Économie
Un gala des prix Grammy conjugué au féminin,11 février 2019," | 			Philippe Renaud 
",Musique
"Joe Penna, réalisateur d'«Arctique», un Robinson du Nord",11 février 2019,,Cinéma
Un film chinois de Zhang Yimou déprogrammé du festival du film de Berlin,11 février 2019," | 			Agence France-Presse 
",Cinéma
Frappe de la GRC contre un réseau international de blanchiment d’argent,11 février 2019," | 			Ugo Giguère - La Presse canadienne	
",Société
L’Espagne prépare le procès controversé de 12 séparatistes catalans,11 février 2019," | 			Joseph Wilson - Associated Press	
	, 		Aritz Parra - Associated Press	
",Europe
Le Grincheux du 11 février,11 février 2019," | 			Pascal  
",Environnement
Une «nouvelle pierre à l’édifice» contre les aliments ultratransformés,11 février 2019," | 			Ivan Couronne - Agence France-Presse	
",Science
Syrie: le dernier bastion du groupe État islamique sous pression,11 février 2019," | 			Maya Gebeily - Agence France-Presse	
",Moyen-Orient
La Chine proteste après les critiques turques sur son traitement des Ouïghours,11 février 2019," | 			Agence France-Presse 
",Asie
La liberté au détour de la frontière,11 février 2019," | 			Caroline Montpetit 
",Culture
L’affaire Bissonnette: pour que la haine ne change pas de camp,11 février 2019, | Djamel Ighil,Libre opinion
Les mythes économiques quant à l’immigration,12 février 2019, | Vincent Geloso,Idées
Controverse entre Israël et Total,12 février 2019," | 			Agence France-Presse 
",Économie
Nouveau fonds pour Cycle Capital,12 février 2019," | 			Le Devoir 
",Économie
"Trente ans après la fatwa le condamnant, Salman Rushdie ne veut plus vivre caché",12 février 2019," | 			Alain Jean-Robert - Agence France-Presse	
",Lire
Un peu plus d’humanité,12 février 2019," | Robert Perreault, ex-ministre de l’Immigration au Québec",Lettres
Une loi injuste,12 février 2019, | Jean-Charles Merleau,Lettres
On n’a encore rien vu,12 février 2019, | Pierre Desrosiers,Lettres
La parole à nos lecteurs,12 février 2019,"

66




Hockey: Folin précédé par sa réputation

            Les joueurs du Canadien se rappellent les durs coups d’épaule de leur nouveau défenseur.        

6612 février 2019
 | 			Alexis Bélanger-Champagne - La Presse canadienne	

 |
        Sports



",Sports
Hockey: Folin précédé par sa réputation,12 février 2019," | 			Alexis Bélanger-Champagne - La Presse canadienne	
",Sports
Football: le ton monte entre la LCF et le syndicat des joueurs,12 février 2019," | 			La Presse canadienne 
",Sports
États-Unis: le risque de récession en 2020 proche de 50%,12 février 2019," | 			Le Devoir 
",Économie
Cameco renoue avec les profits,12 février 2019," | 			La Presse canadienne 
",Économie
«Vice Canada» confirme le départ de quatre personnes,12 février 2019," | 			Le Devoir 
",Médias
Mise aux normes au CCA,12 février 2019," | 			Le Devoir 
",Culture
Notre choix ce soir,12 février 2019," | 			Amélie Gaudreau 
",Écrans
"Prendre part, faire monde",12 février 2019, | Camille Louis,Idées
Les états d’âme de QS,12 février 2019," | 			Michel David 
",Chroniques
Washington «n’étouffe pas» l’affaire Khashoggi,12 février 2019," | 			Agence France-Presse 
",Amériques
Quoi surveiller aujourd'hui?,12 février 2019," | 			Geneviève Tremblay 
",Société
"Devant les problèmes persistants de trains en Suisse, Bombardier s’excuse",12 février 2019," | 			La Presse canadienne 
",Économie
Des patrons américains demandent la régularisation de jeunes sans-papiers,12 février 2019," | 			Agence France-Presse 
",Économie
Morgan Stanley achète Solium Capital,12 février 2019," | 			La Presse canadienne 
",Économie
Transport collectif: «un grand défi de société»,12 février 2019," | 			Alexandre Shields 
",Environnement
Des médecins réclament un meilleur contrôle des armes à feu,12 février 2019," | 			La Presse canadienne 
",Santé
Aide aux sinistrés de l’incendie de samedi matin à Longueuil,12 février 2019," | 			La Presse canadienne 
",Société
La GRC démantèle un réseau international de blanchiment d’argent,12 février 2019," | 			La Presse canadienne 
",Société
Une amélioration chez Tim Hortons,12 février 2019," | 			La Presse canadienne 
",Économie
Violentes manifestations en Haïti,12 février 2019," | 			Amélie Baron - Agence France-Presse	
",Amériques
À la merci des Américains?,12 février 2019," | 			Pierre Trudel 
",Chroniques
Combiné nordique: Alexis Pinturault remporte le titre mondial,12 février 2019," | 			Steve Douglas - Associated Press	
",Sports
Une entente négociée est toujours possible pour SNC,12 février 2019," | 			Le Devoir 
",Économie
Stages: les étudiants en sciences humaines de l’UQAM adoptent un mandat de grève,12 février 2019," | 			La Presse canadienne 
",Éducation
Les échanges É.-U.–Chine reprennent avant la «tempête»,12 février 2019," | 			Patrick Baert - Agence France-Presse	
",Économie
"«L’Itinéraire», voué au papier",12 février 2019," | 			Philippe Papineau 
",Médias
Commotions: les adolescents qui s’entraînent semblent récupérer plus rapidement,12 février 2019," | 			La Presse canadienne 
",Sports
Jean-Samuel Blanc signe une entente de deux saisons avec les Alouettes,12 février 2019," | 			La Presse canadienne 
",Sports
"Michel Cadotte n’était pas dépressif, selon un psychiatre",12 février 2019," | 			Améli Pineda 
",Société
SNC-Lavalin réduit encore ses prévisions,12 février 2019," | 			François Desjardins 
",Économie
Faux départ pour la commission sur le cannabis,12 février 2019," | 			Caroline Plante - La Presse canadienne	
",Santé
Délits sexuels: les fédérations sportives québécoises veulent être épaulées,12 février 2019," | 			Karl Rettino-Parazelli 
",Sports
Assez d’hypocrisie!,12 février 2019," | 			Jean-Robert Sansfaçon 
",Éditoriaux
Québec se pense à l’abri de poursuites d’aspirants immigrants,12 février 2019," | 			Isabelle Porter 
",Québec
Un accueil tiède pour le film de Denis Côté à la Berlinale,12 février 2019," | 			Odile Tremblay 
",Cinéma
Les parents d'Alexandre Bissonnette jugent la peine «très sévère»,12 février 2019," | 			Guillaume Lepage 
",Société
Le projet immobilier Maestria s’apprête à franchir une nouvelle étape,12 février 2019," | 			Jeanne Corriveau 
",Économie
L’animateur Réal Giguère s’est éteint  à l’âge de 85 ans,12 février 2019," | 			La Presse canadienne 
",Culture
La Russie veut se doter d’un internet indépendant des serveurs étrangers,12 février 2019," | 			Maxime Popov - Agence France-Presse	
	, 		Olga Rotenberg - Agence France-Presse	
",Europe
"Sur «ma» génération, un candide signe de fierté et d’espoir",12 février 2019, | Zora Page,Libre opinion
"L’aluminerie de Bécancour, essentielle pour notre région",12 février 2019, | Yves Duhaime,Idées
Le Grincheux du 12 février,12 février 2019," | 			Pascal  
",Québec
"L'aide humanitaire entrera bientôt au Venezuela, promet Guaidó",12 février 2019," | 			Maria Isabel Sanchez - Agence France-Presse	
",Amériques
Dead Obies va droit au but avec «DEAD.»,12 février 2019," | 			Philippe Renaud 
",Musique
Les deux oursons blancs du Zoo sauvage de Saint-Félicien se portent bien,12 février 2019," | 			Alexandre Shields 
",Environnement
Brexit: la pression s’accentue sur Theresa May,12 février 2019," | 			Fabien Deglise 
",Europe
"Outremont, un laboratoire pour les élections fédérales ",12 février 2019," | 			Guillaume Bourgault-Côté 
",Canada
La Turquie arrête plus de 700 partisans présumés du prédicateur Gülen,12 février 2019," | 			Agence France-Presse 
",Moyen-Orient
Trump éloigne la menace d’un «shutdown» sans renoncer à son mur,12 février 2019," | 			Élodie Cuzin - Agence France-Presse	
",États-Unis
Enquête du commissaire à l’éthique sur l’«affaire SNC-Lavalin»,12 février 2019," | 			Hélène Buzzetti 
",Canada
Le climat de Montréal ressemblera à celui de Philadelphie dans 60 ans,12 février 2019," | 			La Presse canadienne 
",Environnement
SOS d'un jardinier japonais après un vol de bonsaïs,12 février 2019," | 			Agence France-Presse 
",Asie
Le ministre Roberge instaure deux récréations obligatoires d’au moins 20 minutes,12 février 2019," | 			Caroline Plante - La Presse canadienne	
",Québec
Début du procès historique des dirigeants indépendantistes catalans,12 février 2019," | 			Laurence Boutreux - Agence France-Presse	
	, 		Alvaro Villalobos - Agence France-Presse	
",Europe
Revisiter Poe sans le regard de Baudelaire,12 février 2019," | 			Caroline Montpetit 
",Lire
Flammèches à la consultation pour hausser l’âge légal pour consommer du cannabis,12 février 2019," | 			Caroline Plante - La Presse canadienne	
",Québec
Renvoi du lanceur d'alerte Louis Robert: la protectrice du citoyen enquête,13 février 2019," | 			Patrice Bergeron - La Presse canadienne	
",Québec
Place aux Francouvertes!,12 février 2019," | 			Le Devoir 
",Culture
André Lamontagne sème à nouveau la controverse,12 février 2019," | 			Guillaume Lepage 
",Société
«Ligue du LOL»: une bande de cyberharceleurs français rattrapée par ses victimes,12 février 2019," | 			Taimaz Szirniks - Agence France-Presse	
",Europe
Catalogne: un procès à défaut de processus,12 février 2019," | 			François Musseau - Libération	
",Europe
Haïti: 78 détenus s’évadent d’une prison,13 février 2019," | 			Agence France-Presse 
",Amériques
Trump éloigne la menace d’un «shutdown» sans renoncer à son mur,13 février 2019," | 			Agence France-Presse 
",Amériques
La Turquie arrête 729 personnes soupçonnées de liens avec le prédicateur Gülen,13 février 2019," | 			Agence France-Presse 
",Europe
Lettre aux parents d’Alexandre Bissonnette,13 février 2019, | Sylvie Filion,Lettres
Plus d’amour pour les professeurs de français,13 février 2019," | Guy Ferland, professeur de philosophie au collège Lionel-Groulx de Sainte-Thérèse",Lettres
Ricardo ferme son magazine en anglais,13 février 2019," | 			Le Devoir 
",Médias
Nissan dans une mauvaise passe,13 février 2019," | 			Anne Beade - Agence France-Presse	
",Économie
Nouvelle p.-d.g. pour Anges Québec Capital,13 février 2019," | 			Le Devoir 
",Économie
Perte pour Shopify,13 février 2019," | 			La Presse canadienne 
",Économie
Molson Coors fait face au déclin de la bière,13 février 2019," | 			La Presse canadienne 
",Économie
Les négociations se poursuivent à ABI,13 février 2019," | 			La Presse canadienne 
",Économie
Novaquark ouvre un nouveau studio de jeux vidéo à Montréal,13 février 2019," | 			Le Devoir 
",Économie
Les PME se méfient de la taxe sur  le carbone,13 février 2019," | 			Andy Blatchford - La Presse canadienne	
",Économie
Kyle Shewfelt espère que la gymnastique canadienne saura se relever,13 février 2019," | 			Donna Spencer - La Presse canadienne	
",Sports
Raonic et Shapovalov victorieux à Rotterdam,13 février 2019," | 			La Presse canadienne 
",Sports
Les Alouettes s’entendent avec deux de leurs vétérans,13 février 2019," | 			La Presse canadienne 
",Sports
Cent ans d’incertitude,13 février 2019," | 			Francine Pelletier 
",Chroniques
Le Canadien soumet Michael Chaput au ballottage,13 février 2019," | 			La Presse canadienne 
",Sports
Deuxième partie du témoignage d'Homa Hoodfar sur la métamorphose de l'Iran,13 février 2019,,Vidéos
Un registre des armes inadapté à la réalité des communautés autochtones,13 février 2019," | 			Fabien Deglise 
",Québec
Le déficit fédéral sera moindre que prévu,13 février 2019," | 			La Presse canadienne 
",Économie
Notre choix ce soir,13 février 2019," | 			Amélie Gaudreau 
",Écrans
Milieux humides: la CAQ veut réduire les sources d’irritation,13 février 2019," | 			Le Devoir 
",Québec
Guaidó annonce l’entrée de l’aide américaine le 23 février au Venezuela,13 février 2019," | 			Maria Isabel Sanchez - Agence France-Presse	
",Amériques
Réseau de blanchiment d’argent démantelé à Montréal et à Toronto,13 février 2019," | 			Le Devoir 
",Société
Âge légal pour consommer du cannabis: la consultation tourne court,13 février 2019," | 			Marco Bélair-Cirino 
",Québec
Les conséquences d’un Brexit sans accord,13 février 2019, | Hubert Rioux et Stéphane Paquin,Idées
Les trois piliers du Parti conservateur,13 février 2019, | Marc André Bodet,Idées
Registre des armes: les Autochtones auraient voulu être consultés,13 février 2019," | 			Le Devoir 
",Société
Armes à feu: une loi inadaptée aux Autochtones,13 février 2019, | Noah Swappie,Libre opinion
Rectificatifs,13 février 2019,"

158




Le narcotrafiquant mexicain «El Chapo» déclaré coupable

            Le célèbre narcotrafiquant mexicain encourt la perpétuité.        

15813 février 2019
 | 			Laura  Bonilla Cal - Agence France-Presse	

 |
        Amériques



",Amériques
Le narcotrafiquant mexicain «El Chapo» déclaré coupable,13 février 2019," | 			Laura  Bonilla Cal - Agence France-Presse	
",Amériques
"De retour avec le Canadien, Dale Weise se «sent revivre»",13 février 2019," | 			Alexis Bélanger-Champagne - La Presse canadienne	
",Sports
Les fonctionnaires sont furieux d’avoir été traités d’ayatollahs par Lamontagne,13 février 2019," | 			Patrice Bergeron - La Presse canadienne	
",Québec
Réseau international de blanchiment d’argent: 14 suspects arrêtés au Québec et en Ontario,13 février 2019," | 			Améli Pineda 
",Société
Quelques oeuvres de l'exposition «Dans la Chambre des merveilles»,13 février 2019,,Arts visuels
Congédiement de Louis Robert: la protectrice du citoyen enquête,13 février 2019," | 			Le Devoir 
",Québec
L’équité salariale bientôt renforcée,13 février 2019," | 			Isabelle Porter 
",Québec
De l’amiante et des hommes,13 février 2019," | 			Jean-François Nadeau 
",Société
"Le Brexit, le canari dans la mine de la mondialisation, dit Mark Carney",13 février 2019," | 			Éric Desrosiers 
",Économie
Quoi surveiller aujourd’hui?,13 février 2019," | 			Geneviève Tremblay 
",Société
"«Mythe», la nouvelle oasis de paix de Mykalle Bielinski",13 février 2019," | 			Christian Saint-Pierre 
",Théâtre
Le Québec débordé de neige,13 février 2019," | 			Jeanne Corriveau 
	, 		Guillaume Lepage 
",Montréal
"Réforme du mode de scrutin, réponse aux partisans du statu quo",13 février 2019," | Jean-Pierre Charbonneau, Françoise David, Alain Marois, Audrey Paquet, Luc Bordeleau, Jean-Sébastien Dufresne",Idées
La ministre Jody Wilson-Raybould démissionne du cabinet Trudeau,13 février 2019," | 			Hélène Buzzetti 
",Canada
«Dans la Chambre des merveilles»: de la fantaisie à la science,13 février 2019," | 			Caroline Montpetit 
",Arts visuels
Le procès controversé des 12 dirigeants nationalistes catalans s’ouvre en Espagne,13 février 2019," | 			Guillaume Lepage 
",Europe
L’Espagne s’égare,13 février 2019," | 			Guy Taillefer 
",Éditoriaux
"Biennale d’hiver, à l’accent britannique",13 février 2019," | 			Jérôme Delgado 
",Arts visuels
69e Berlinale: Catherine Deneuve à l’âge de la tolérance,13 février 2019," | 			Odile Tremblay 
",Cinéma
Le ministre de l'Éducation sonne le début de récréations plus longues,13 février 2019," | 			Marco Fortier 
",Éducation
"«On va examiner le cas» SNC-Lavalin, dit François Legault",13 février 2019," | 			Gérard Bérubé 
",Économie
Les Québécois ont moins fréquenté les salles de cinéma en 2018,13 février 2019," | 			La Presse canadienne 
",Cinéma
"Ford rappelle 1,5 million de camionnettes F-150",13 février 2019," | 			Agence France-Presse 
",Consommation
L’Espagne risque de retomber en campagne électorale,13 février 2019," | 			Alvaro Villalobos - Agence France-Presse	
",Europe
Une grève générale met la Belgique au ralenti,13 février 2019," | 			Matthieu Demeestere - Agence France-Presse	
",Europe
Le Grincheux du 13 février,13 février 2019," | 			Pascal  
",Société
Hausse «effrayante» des actes antisémites en Allemagne en 2018,13 février 2019," | 			Antoine Lambroschini - Agence France-Presse	
",Europe
L’Université McGill reçoit un don de 200 millions,13 février 2019," | 			La Presse canadienne 
",Éducation
Mission accomplie pour le robot explorateur martien Opportunity,13 février 2019," | 			Ivan Couronne - Agence France-Presse	
",Science
Tempête hivernale sur le Québec: ce qu’il faut savoir,13 février 2019," | 			Le Devoir avec La Presse canadienne 
",Société
"Twitter, outil de manipulation de l'opinion",13 février 2019," | 			Fabien Deglise 
",Société
"Les accords de réparation devront être bien expliqués, selon Transparency International Canada",13 février 2019," | 			François Desjardins 
",Économie
L’opposition échoue à faire comparaître neuf témoins devant le comité de la justice,13 février 2019," | 			Mélanie Marquis - La Presse canadienne	
",Canada
"Paul Manafort, l’ancien directeur de campagne de Trump, a menti au FBI",13 février 2019," | 			Agence France-Presse 
",États-Unis
Réseau de braconniers démantelé en Mauricie,13 février 2019," | 			Alexandre Shields 
",Environnement
L’Institut de santé publique suggère un accès graduel au cannabis pour les jeunes,14 février 2019," | 			Caroline Plante - La Presse canadienne	
",Société
Métro Média centralise ses bureaux,13 février 2019," | 			Philippe Papineau 
",Médias
Poursuites pénales et État de droit: le poids de sa parole,14 février 2019, | Alain-Robert Nadeau,Idées
Qu’on entende Jody Wilson-Raybould!,14 février 2019," | 			Manon Cornellier 
",Éditoriaux
Cafouillage et insensibilité dans les dossiers d’immigration annulés,14 février 2019," | 			Robert Dutrisac 
",Éditoriaux
Quand l’émotion l’emporte sur la raison,14 février 2019, | Henri Marineau,Lettres
Un ancien haut gradé d’Apple accusé de délit d’initié,14 février 2019," | 			Le Devoir 
",Économie
Wall Street optimiste,14 février 2019," | 			Agence France-Presse 
",Économie
Agropur annonce de nouvelles compressions de 50 millions,14 février 2019," | 			La Presse canadienne 
",Économie
Québec accorde 17 millions pour les Jeux de la francophonie,14 février 2019," | 			La Presse canadienne 
",Sports
La mairesse Plante voit d’un bon oeil un stade de baseball au bassin Peel,14 février 2019," | 			La Presse canadienne 
",Sports
Le CISSS du Centre-du-Québec reste à ce jour un vague projet,14 février 2019," | 			Isabelle Porter 
",Québec
Quelques clichés du photojournaliste Conrad Poirier,14 février 2019,,Culture
L’Université McGill reçoit un don de 200 millions,14 février 2019," | 			La Presse canadienne 
",Éducation
"Cannabis: risque de contestation du projet  de loi no 2, dit le Barreau",14 février 2019," | 			La Presse canadienne 
",Société
Canadien-Predators: Shea Weber disputera un 900e match dans la LNH,14 février 2019," | 			Alexis Bélanger-Champagne - La Presse canadienne	
",Sports
"F1: Stroll, au volant de sa voiture Racing Point, croit pouvoir aspirer au podium",14 février 2019," | 			Alexandre Geoffrion-McInnis - La Presse canadienne	
",Sports
Brésil: Bolsonaro sort de l’hôpital,14 février 2019," | 			Agence France-Presse 
",Amériques
Soudan: les protestataires veulent la chute du régime,14 février 2019," | 			Agence France-Presse 
",Afrique
Kavis Reed croit avoir «gagné la journée de mardi» avec ses embauches,14 février 2019," | 			Frédéric Daigle - La Presse canadienne	
",Sports
Afghanistan: les talibans annoncent des pourparlers avec les États-Unis,14 février 2019," | 			Agence France-Presse 
",Asie
Sept femmes reprochent à Ryan Adams des comportements inappropriés,14 février 2019," | 			Associated Press 
",Musique
Notre choix ce soir,14 février 2019," | 			Amélie Gaudreau 
",Écrans
"Patrick Damico, un modèle de conscience médicale",14 février 2019, | Lucien Bouchard,Libre opinion
«L’âme à la tendresse» entre au Panthéon,14 février 2019," | 			Le Devoir 
",Musique
Le Monastère ouvre un cabaret de cirque dans une église,14 février 2019," | 			Caroline Montpetit 
",Culture
L’industrie automobile européenne contre un «Brexit dur»,14 février 2019," | 			Daniel Aronssohn - Agence France-Presse	
",Économie
Projet Maestria: 10 millions pour des logements sociaux,14 février 2019," | 			Jeanne Corriveau 
",Montréal
Wawrinka élimine Raonic à Rotterdam; Shapovalov passe en quarts de finale,14 février 2019," | 			La Presse canadienne 
",Sports
Baseball: la route vers les Olympiques passera par Séoul pour le Canada,14 février 2019," | 			La Presse canadienne 
",Sports
Catalogne: la justice espagnole se défend de tenir un «procès politique»,14 février 2019," | 			Agence France-Presse 
",Europe
Venezuela: chute des exportations de pétrole,14 février 2019," | 			Agence France-Presse 
",Économie
L’opération charme de Huawei connaît des ratés,14 février 2019," | 			Associated Press 
",Économie
États-Unis: premier vote possible jeudi au Congrès pour éviter un nouveau «shutdown»,14 février 2019," | 			Agence France-Presse 
",Amériques
Un attentat-suicide fait 27 morts en Iran,14 février 2019," | 			Kay Armin Serjoie - Agence France-Presse	
",Asie
L’humanité sélective,14 février 2019," | 			Michel David 
",Chroniques
La NASA confirme la mort du robot «Opportunity»,14 février 2019," | 			Agence France-Presse 
",Science
SNC-Lavalin décotée par l’agence de notation S&P,14 février 2019," | 			François Desjardins 
",Économie
Un ex-dirigeant de SNC-Lavalin invoque l’arrêt Jordan,14 février 2019," | 			Améli Pineda 
",Société
Des propriétaires de «shoebox» demanderont la tenue de référendums,14 février 2019," | 			Jeanne Corriveau 
",Montréal
Le cannabis mis en cause dans la dépression de certains jeunes adultes,14 février 2019," | 			Annabelle Caillou 
",Santé
La Saskatchewan conteste la «taxe sur le carbone» pour défendre ses champs de compétence,14 février 2019," | 			La Presse canadienne 
",Canada
Nemaska Lithium fait face à d’importants dépassements de coûts,14 février 2019," | 			Karl Rettino-Parazelli 
",Économie
Fermetures d’usines à Bécancour et Victoriaville,14 février 2019," | 			François Desjardins 
",Économie
"Faute de profs, une université forme des suppléants",14 février 2019," | 			Marco Fortier 
",Éducation
La CAQ et le PQ ne veulent pas d’un autre débat public sur la laïcité,14 février 2019," | 			Marco Bélair-Cirino 
",Québec
Le stationnement de la classe moyenne,14 février 2019, | Gérard Laurin,Lettres
Quoi surveiller aujourd’hui?,14 février 2019," | 			Geneviève Tremblay 
",Société
«Ton absence m’appartient»: dans le train de Rose-Aimée,14 février 2019," | 			Dominic Tardif 
",Lire
«Alita: Battle Angel»: défier les limites de la technologie,14 février 2019," | 			Anne-Frédérique Hébert-Dolbec 
",Cinéma
«XENOS»: les destins enchaînés,14 février 2019," | 			Mélanie Carpentier 
",Danse
"Lendemain de tempête: mon pays, c’est l’hiver",14 février 2019," | 			Guillaume Lepage 
",Société
L’avion A380 d’Airbus arrive en bout de piste,14 février 2019," | 			Djallal Malti - Agence France-Presse	
",Économie
Alexandra Suda nommée à la tête du Musée des beaux-arts du Canada,14 février 2019," | 			Philippe Papineau 
",Arts visuels
Le Grincheux du 14 février,14 février 2019," | 			Pascal  
",Canada
Le partage des tâches reste inéquitable,14 février 2019," | 			Pauline Gravel 
",Société
"Un an après la tuerie, l’heure est au silence et au recueillement à Parkland",14 février 2019," | 			Leila Macor - Agence France-Presse	
",États-Unis
Ottawa ferme temporairement son ambassade en Haïti,14 février 2019," | 			Fabien Deglise 
",Amériques
Les libéraux accusés de vouloir étouffer l’affaire,14 février 2019," | 			Hélène Buzzetti 
",Canada
Les cas de rougeole ont bondi de 50% dans le monde en 2018,14 février 2019," | 			Agence France-Presse 
",Santé
"Le procès de Michel Cadotte n’est pas celui du système de santé, prévient la juge",14 février 2019," | 			Améli Pineda 
",Société
Le non-sens d’utiliser le gaz naturel comme énergie de transition au Québec,14 février 2019," | Simon-Philippe Breton, Louis-Étienne Boudreault, Bernard Saulnier et Lucie Sauvé",Idées
Un convoi de «gilets jaunes» canadiens en marche vers Ottawa,14 février 2019," | 			Agence France-Presse 
",Canada
La ligne orange du métro de Montréal est en panne,14 février 2019," | 			Le Devoir 
",Transports / Urbanisme
Les rapports amoureux et la sexualité à l’ère du numérique,14 février 2019," | 			Stéphane Baillargeon 
",Société
Trump choisit l’«urgence nationale» pour construire son mur frontalier,14 février 2019," | 			Élodie Cuzin - Agence France-Presse	
",États-Unis
Le Congrès américain adopte l’accord budgétaire pour éviter un nouveau «shutdown»,14 février 2019," | 			Agence France-Presse 
",Arts visuels
"Hommage à Conrad Poirier, pionnier du photojournalisme au Québec",14 février 2019," | 			Jean-François Nadeau 
",Arts visuels
Plus de 900 journalistes français dénoncent une profession rongée par le sexisme,15 février 2019," | 			Agence France-Presse 
",Europe
Laïcité: l’État ou l’individu?,15 février 2019," | Michel Leclerc, avocat retraité",Lettres
Un camelot courageux,15 février 2019, | Danielle Lévesque,Lettres
Publicité gouvernementale: les incohérents,15 février 2019," | 			Brian Myles 
",Éditoriaux
La parole à nos lecteurs,15 février 2019,"

266




Une lecture sociologique du TDAH

            Nos sociétés modernes sont soumises à un modèle dominant qui laisse très peu de place à la parole contraire.        

26615 février 2019
 | Charles Beaudoin-Jobin et Myriam Boivin-Comtois
 |
        Idées



",Idées
Une lecture sociologique du TDAH,15 février 2019, | Charles Beaudoin-Jobin et Myriam Boivin-Comtois,Idées
Geler les corps,15 février 2019," | 			Aurélie Lanctôt 
",Chroniques
Notre choix cette fin de semaine,15 février 2019," | 			Amélie Gaudreau 
",Écrans
Une église du quartier Saint-Michel incendiée pour une 2e fois en 3 semaines,15 février 2019," | 			La Presse canadienne 
",Culture
Canada Goose ouvrira une usine à Montréal,15 février 2019," | 			La Presse canadienne 
",Économie
Roger Massicotte nommé président d’Agropur,15 février 2019," | 			Le Devoir 
",Économie
"Rendement de 9,1% pour CRCD",15 février 2019," | 			Le Devoir 
",Économie
Le Canada accuse un sérieux retard en matière de lutte contre la corruption,15 février 2019," | 			Éric Desrosiers 
",Économie
"La cuisine, lieu de tous les possibles",15 février 2019," | 			Florence Sara G. Ferraris  
",Culture
Attentes dépassées pour Bombardier,15 février 2019," | 			Julien Arsenault - La Presse canadienne	
",Économie
Vigueur soutenue du marché de l’emploi au Québec,15 février 2019," | 			Gérard Bérubé 
",Économie
Les Alouettes recrutent le demi à l’attaque Jeremiah Johnson,15 février 2019," | 			La Presse canadienne 
",Sports
QS refuse que Québec aide financièrement au retour des Expos,15 février 2019," | 			La Presse canadienne 
",Sports
"Jeux de la Francophonie: Québec doit offrir 40 millions, selon QS",15 février 2019," | 			La Presse canadienne 
",Sports
"Added Sugar, Planet Giza",15 février 2019," | 			Philippe Renaud 
",Musique
"Les bruits de la ville, Voyou",15 février 2019," | 			Philippe Renaud 
",Musique
"Trio 97 @ The Village Vanguard, Fred Hersch Trio",15 février 2019," | 			Guillaume Bourgault-Côté 
",Musique
"Pourchasser l’aube, Caroline Savoie",15 février 2019," | 			Philippe Renaud 
",Musique
Un «printemps laïque»?,15 février 2019," | 			Christian Rioux 
",Chroniques
SNC-Lavalin: Legault demande à Ottawa de protéger les emplois,15 février 2019," | 			La Presse canadienne 
",Québec
Des logements sociaux réclamés à la CAQ dans la grande région de Montréal,15 février 2019," | 			Le Devoir 
",Montréal
"Quadriga n’a plus d’argent, reconnaît son avocat devant un tribunal",14 février 2019," | 			La Presse canadienne 
",Économie
Un nouveau départ pour Stroll,15 février 2019," | 			Alexandre Geoffrion-McInnis - La Presse canadienne	
",Sports
"Silence et recueillement à Parkland, un an après la tuerie",15 février 2019," | 			Agence France-Presse 
",États-Unis
Cachemire indien: 37 paramilitaires indiens tués dans un attentat,15 février 2019," | 			Agence France-Presse 
",Asie
Washington presse les Européens de rompre avec l’Iran,15 février 2019," | 			Agence France-Presse 
",Amériques
Égypte: premier vote au Parlement pour permettre à Sissi de se représenter,15 février 2019," | 			Agence France-Presse 
",Afrique
Québec refuse de parler de stérilisation forcée avec le gouvernement fédéral,15 février 2019," | 			La Presse canadienne 
",Québec
Quoi surveiller aujourd’hui?,15 février 2019," | 			Geneviève Tremblay 
",Société
"Face aux juges, le principal séparatiste catalan persiste et signe",15 février 2019," | 			Laurence Boutreux - Agence France-Presse	
",Europe
France: Alain Juppé abandonne le «combat politique»,15 février 2019," | 			Agence France-Presse 
",Europe
Colombie: déposition du chef des FARC devant la Juridiction de paix,15 février 2019," | 			Agence France-Presse 
",Amériques
Aéronautique: la fin du A380 est confirmée,15 février 2019," | 			Associated Press 
",Économie
Le Venezuela renforce le blocage d’un pont frontalier avec la Colombie,15 février 2019," | 			Agence France-Presse 
",Amériques
L’État et l’héritage religieux,15 février 2019, | Pierre Hurteau,Idées
Cannabis: il faut réunir les scientifiques et les politiques,15 février 2019, | Robert Perreault et Jean-Yves Frappier,Idées
Vlhova remporte le slalom géant aux Mondiaux de ski alpin,15 février 2019," | 			Associated Press 
",Sports
Les Jeux du Canada servent de terreau au développement de futures vedettes,15 février 2019," | 			Donna Spencer - La Presse canadienne	
",Sports
Coupe Davis: le Canada bénéficie d’un tirage favorable en vue de la 1re ronde,15 février 2019," | 			La Presse canadienne 
",Sports
"Buffy Sainte-Marie, dénonciatrice de la cupidité des hommes depuis 50 ans ",15 février 2019," | 			Sophie Chartier 
",Musique
Armes et santé mentale? Faux débat!,15 février 2019, | Texte collectif *,Libre opinion
Découverte montréalaise pour améliorer la fécondation «in vitro»,15 février 2019," | 			Pauline Gravel 
",Science
Brexit: Theresa May essuie une défaite au Parlement ,15 février 2019," | 			Antoine Pollez - Agence France-Presse	
",Europe
MusiquePlus disparaîtra des écrans cet été,15 février 2019," | 			Ugo Giguère - La Presse canadienne	
",Écrans
Les Predators ont le dernier mot face au Canadien 3-1,15 février 2019," | 			La Presse canadienne 
",Sports
"Canada Goose ouvre une usine à Montréal, créant 650 emplois",15 février 2019," | 			La Presse canadienne 
",Économie
Amazon renonce à implanter son nouveau siège social à New York,15 février 2019," | 			Catherine Triomphe - Agence France-Presse	
",Économie
Maternelle 4 ans: coup de force pour une idée fixe,15 février 2019," | 			Robert Dutrisac 
",Éditoriaux
Cannabis: appel à un arbitrage indépendant sur l’âge légal,15 février 2019," | 			Fabien Deglise 
",Société
Avancez par en arrière,15 février 2019," | 			René Vézina	
",Chroniques
La grève des ventres,15 février 2019," | 			Josée Blanchette 
",Chroniques
Donald Trump veut son mur à tout prix,15 février 2019," | 			Guillaume Lepage 
",États-Unis
Un rare immeuble Art nouveau voué à être rasé à Montréal,15 février 2019," | 			Jean-François Nadeau 
",Société
Saint-Adolphe: le ministre sévit contre Hydro-Québec,15 février 2019," | 			Isabelle Porter 
",Québec
«Ne me dis pas que tu m’aimes»: flotter à la surface des choses,15 février 2019," | 			Mélanie Carpentier 
",Danse
Les urgences restent bondées au Québec,15 février 2019," | 			La Presse canadienne 
",Société
Robert Charlebois «en troisième période»,15 février 2019," | 			Philippe Papineau 
",Musique
"Maternelle 4 ans pour tous, parole de premier ministre",15 février 2019," | 			Marco Bélair-Cirino 
",Québec
Immigration: plus de 90 000 personnes inscrites au nouveau système de recrutement,15 février 2019," | 			Isabelle Porter 
",Québec
Un débat inédit entre Robert Bourassa et Pierre Bourgault,15 février 2019," | 			Jean-François Nadeau 
",Société
État d’«urgence nationale: l'intégrale de l'annonce de Donald Trump,15 février 2019," | 			Le Devoir 
",Vidéos
Le Grincheux du 15 février,15 février 2019," | 			Pascal  
",Société
Tirez-vous une Bûche!,15 février 2019," | 			Catherine Ferland 
",Restaurants
"Verdejo 2017, Valdecuevas, Rueda, Espagne",15 février 2019," | 			Jean Aubry 
",Vin
"Manzanilla La Guita, Andalousie, Espagne",15 février 2019," | 			Jean Aubry 
",Vin
"Riesling 2017, Domaine Wach, Andlau, Alsace, France",15 février 2019," | 			Jean Aubry 
",Vin
"Vacqueyras 2015, Montirius «Le Village», Rhône, France",15 février 2019," | 			Jean Aubry 
",Vin
"Barco Reale di Carmignano 2015, Capezzana, Toscane, Italie",15 février 2019," | 			Jean Aubry 
",Vin
"Cerasuolo di Vittoria Classico 2015, Cos, Sicile, Italie",15 février 2019," | 			Jean Aubry 
",Vin
«Don Juan symphonique»: seulement l’amour,15 février 2019," | 			Christian Saint-Pierre 
",Musique
Le Japon va reconnaître légalement les Aïnous comme peuple autochtone,15 février 2019," | 			Agence France-Presse 
",Asie
Le Parlement européen interdit une conférence avec Puigdemont pour raisons de sécurité,15 février 2019," | 			Agence France-Presse 
",Europe
Trump décrète un état d’«urgence nationale» pour bâtir son mur à la frontière,15 février 2019," | 			Jérôme Cartillier - Agence France-Presse	
",États-Unis
"All, Yann Tiersen",15 février 2019," | 			Geneviève Tremblay 
",Musique
Les sorties cinéma de la semaine,15 février 2019,,Vidéos
La Maison-Blanche se montre optimiste sur un traité de paix commerciale avec la Chine,15 février 2019," | 			Patrick Baert - Agence France-Presse	
	, 		Christophe  Vogt - Agence France-Presse	
",Économie
"La soif de changement, le grand moteur du vote de la CAQ",15 février 2019," | 			Guillaume Bourgault-Côté 
",Québec
Le défi de l'info – 15 février,15 février 2019," | 			Katia Tobar 
",Société
«Astérix et le secret de la potion magique»: les douze «castings» de Panoramix,15 février 2019,,Cinéma
«Song of Granite»: le bohémien irlandais,15 février 2019,,Cinéma
Haïti: la tension sociale fait fuir les ressortissants étrangers,15 février 2019," | 			Fabien Deglise 
",Amériques
Une bénédiction tout simplement papale,15 février 2019," | 			Jean Aubry 
",Vin
Plus de 900 journalistes dénoncent une profession rongée par le sexisme,15 février 2019," | 			Agence France-Presse 
",Société
"Schumann, Orchestre de chambre d’Europe",15 février 2019," | 			Christophe Huss 
",Musique
"Jan Lisiecki, Orpheus Chamber Orchestra",15 février 2019," | 			Christophe Huss 
",Musique
Angélica Dass explore l’infinie diversité de couleurs de la peau humaine,15 février 2019," | 			Caroline Montpetit 
",Arts visuels
"Stuffed and Ready, Cherry Glazerr",15 février 2019," | 			Sophie Chartier 
",Musique
Une pétition en appui au lanceur d’alerte Louis Robert,15 février 2019," | 			Isabelle Porter 
",Québec
"			Simon Castonguay	
",16 février 2019,"
» Lire ses articles les plus récents
                    Dernier article : Emmanuel Macron et les gilets jaunes: entre idéologie et utopie ",Le Devoir de philo/Histoire
"La biophilie, ou les effets bénéfiques du bois",16 février 2019,"

356




La microsimulation pour prévoir l’évolution démographique

            Une nouvelle méthode anticipe de manière plus fine les effets des politiques publiques.        

35616 février 2019
 | 			Etienne Plamondon Emond	

 |
        Science



",Science
La microsimulation pour prévoir l’évolution démographique,16 février 2019," | 			Etienne Plamondon Emond	
",Science
Inondations: passer de la gestion de crise à la gestion de risque,16 février 2019," | 			Hélène Roulot-Ganzmann	
",Science
"Parce que Québec, c’est Québec!",16 février 2019," | 			Marie-Hélène Alarie	
",Économie
ESPACE 4: le monde universitaire s’ouvre au grand public,16 février 2019," | 			Martine Letarte	
",Éducation
Pour un événement qui se démarque,16 février 2019," | 			Marie-Hélène Alarie	
",Économie
"Le «bleisure» au Québec: percée timide, mais prometteuse",16 février 2019," | 			Catherine Couturier	
",Société
"Le Palais des congrès de Montréal, pilier du tourisme d’affaires",16 février 2019," | 			Jean-François Venne	
",Société
Organiser un congrès: d’une rive à l’autre,16 février 2019," | 			Stéphane Gagné	
",Économie
Six destinations pour sortir des sentiers battus,16 février 2019," | 			Hélène Roulot-Ganzmann	
",Économie
"Le vieillissement, un enjeu de société prioritaire pour le scientifique en chef",16 février 2019," | 			Etienne Plamondon Emond	
",Société
"Le marabout, Ayavi Lake",16 février 2019," | 			Christian Desmeules 
",Lire
"Le petit capuchon bleu, Marie Demers et Lucile Danis Drouot",16 février 2019," | 			Marie Fradette 
",Lire
Des femmes racontent leur carrière en science et technologie,16 février 2019," | 			Jean-François Venne	
",Science
Combattre l’âgisme grâce à l’interdépendance,16 février 2019," | 			Hélène Roulot-Ganzmann	
",Science
«Un certain Paul Darrigrand»: nous avions la clandestinité,16 février 2019," | 			Christian Saint-Pierre 
",Lire
«Algorithmes: La bombe à retardement»: le côté obscur du Big Data,16 février 2019," | 			Sébastien  Vincent 
",Lire
Du Kanada de Berlin à l’art des rues,16 février 2019," | 			Odile Tremblay 
",Chroniques
Arctique (V.F. de Arctic),16 février 2019,,Cinéma
Pupille,16 février 2019,,Cinéma
Astérix et le secret de la potion magique,16 février 2019,,Cinéma
La Mauritanie sans litanies,16 février 2019," | 			Gary Lawrence 
",Voyage
Une semaine en liberté,16 février 2019," | 			Nathalie Schneider 
",Vivre
«Au bord de la Sandá»: les tensions du silence islandais,16 février 2019," | 			Anne-Frédérique Hébert-Dolbec 
",Lire
«Déments à cheval»: la «fake news» d’Emilie Andrewes,16 février 2019," | 			Dominic Tardif 
",Lire
L’historien heureux,16 février 2019," | 			Louis Cornellier 
",Chroniques
«China Dream»: le cauchemar chinois de Ma Jian,16 février 2019," | 			Christian Desmeules 
",Lire
Pour que notre histoire s’écrive au pluriel,16 février 2019," | 			Philippe Renaud 
",Musique
«Mademoiselle Samedi soir»: deux cœurs sur la Main,16 février 2019," | 			Manon Dumais 
",Lire
«Prières mortelles en Amérique»: une prière pour Matthew,16 février 2019," | 			Louise-Maude Rioux Soucy 
",Écrans
«Nordik»: le roi hiver,16 février 2019," | 			Louise-Maude Rioux Soucy 
",Écrans
«Au milieu des vivants»: garder les morts en vie,16 février 2019," | 			Yannick Marcoux 
",Lire
«Pupille»: pour le bien de l’enfant,16 février 2019,,Cinéma
«Le rocher avec des ailes»: Ode au pays navajo,16 février 2019," | 			Michel Bélair 
",Lire
«Âmes»: l’épopée des marges de Tristan Garcia,16 février 2019," | 			Christian Desmeules 
",Lire
Répertoire des villes disparues,16 février 2019,,Cinéma
"L’île aux Basques, terre de beauté et d’histoire",16 février 2019," | 			Gabriel Anctil 
",Voyage
Au-delà des sports extrêmes,16 février 2019," | 			Catherine Lefebvre 
",Voyage
Ces horloges qui nous gouvernent,16 février 2019," | 			Laurie Noreau 
",Santé
Recette de pilons de poulet braisés au kimchi,16 février 2019," | 			Le Devoir 
",Alimentation
Les chantiers de l’image avec Lucie Rocher,16 février 2019," | 			Marie-Ève Charron 
",Arts visuels
Sur le radar: nouvelles perspectives chez Jocelyne Alloucherie,16 février 2019," | 			Marie-Ève Charron 
",Arts visuels
L’insaisissable part du «dramaturg»,16 février 2019," | 			Marie Labrecque 
",Théâtre
Les flâneurs,16 février 2019," | 			Louise-Maude Rioux Soucy 
	, 		Amélie Gaudreau 
	, 		Dominic Tardif 
	, 		Valérie Duhaime 
",Lire
Jan Martens et la virtuosité inconventionnelle,16 février 2019,,Danse
Martha Argerich et la musique du partage,16 février 2019," | 			Christophe Huss 
",Musique
«Répertoire des villes disparues»: familièrement autre,16 février 2019,,Cinéma
«Arctique»: survivre autrement,16 février 2019,,Cinéma
Le Québec à la traîne en agriculture artisanale,16 février 2019," | 			Robert Dutrisac 
",Éditoriaux
Le chant du granite (V.F. de Song of Granite),16 février 2019,,Cinéma
Les signes religieux,16 février 2019, | Louis Verdy,Lettres
"Navrant, navrant!",16 février 2019," | Hélène Goulet, artiste peintre, diplômée de l’École des beaux-arts de Québec et de l’UQAM et cofondatrice du Regroupement des artistes en arts visuels du Québec (RAAV) et du Groupement des arts visuels de Victoriaville (GRAVE)",Lettres
La parole à nos lecteurs,16 février 2019,"

408




L’immobilier se normalise

            Le marché résidentiel poursuit son atterrissage en douceur.        

40816 février 2019
 | 			Gérard Bérubé 

 |
        Chroniques



",Chroniques
L’immobilier se normalise,16 février 2019," | 			Gérard Bérubé 
",Chroniques
Le patron d’Air Canada se montre optimiste,16 février 2019," | 			Christopher Reynolds - La Presse canadienne	
",Économie
ABI: la direction en réflexion,16 février 2019," | 			La Presse canadienne 
",Économie
Profits en hausse pour Loto-Québec,16 février 2019," | 			La Presse canadienne 
",Économie
Conflits d’intérêts chez Aphria,16 février 2019," | 			La Presse canadienne 
",Économie
Facebook pourrait payer une amende de 2 milliards,16 février 2019," | 			Agence France-Presse 
",Économie
ID: un nouveau bilan à méditer,16 février 2019," | 			Normand Baillargeon 
",Chroniques
Justifier le mal au nom du bien,16 février 2019," | 			Magdaline Boutros 
",Société
DBRS s’interroge à son tour sur SNC-Lavalin,16 février 2019," | 			François Desjardins 
",Économie
Montréal en lice pour la Coupe Grey 2020 qui sera attribuée le 21 février,16 février 2019," | 			La Presse canadienne 
",Sports
Ferrari ambitionne de défier Mercedes avec sa nouvelle voiture SF90,16 février 2019," | 			Associated Press 
",Sports
Denis Shapovalov s’incline devant Stanislas Wawrinka,16 février 2019," | 			La Presse canadienne 
",Sports
L’Inde promet «le prix fort» aux responsables de l’attentat au Cachemire,16 février 2019," | 			Jalees Andrabi - Agence France-Presse	
",Asie
Longueuil renonce à construire sa propre usine de biométhanisation,16 février 2019," | 			Jeanne Corriveau 
",Politique
"Rencontre entre Kim et Trump, acte II",16 février 2019, | Charles-Philippe David et Yann Roche,Idées
État d'urgence: les illusions de Trump,16 février 2019," | 			Brian Myles 
",Éditoriaux
Des agressions contre des religieuses passées sous silence,16 février 2019," | 			Isabelle Paré 
",Société
Un mal profond en éducation,16 février 2019, | Samuel Massicotte,Libre opinion
"Au Nigeria, l’élection présidentielle est reportée d’une semaine",16 février 2019," | 			Agence France-Presse 
",Afrique
Les négociations entre Washington et Pékin avancent à petits pas,16 février 2019," | 			Éric Desrosiers 
",Économie
Les photos de la semaine du 10 février,16 février 2019,,Société
Les sables mouvants de SNC-Lavalin,16 février 2019," | 			Guillaume Bourgault-Côté 
	, 		François Desjardins 
	, 		Hélène Buzzetti 
",Canada
La menace Wilson-Raybould,16 février 2019," | 			Konrad Yakabuski 
",Chroniques
Trudeau sur la défensive,16 février 2019," | 			Guillaume Bourgault-Côté 
	, 		Mylène Crête - La Presse canadienne	
",Canada
Colin Kaepernick s’entend avec la NFL,16 février 2019," | 			Agence France-Presse 
",Sports
Crise haïtienne: les touristes québécois seront rapatriés samedi,16 février 2019," | 			Mylène Crête - La Presse canadienne	
",Canada
"Les applications de la semaine: tenir un journal, n’importe où",16 février 2019," | 			Olivier Sylvestre 
",Vivre
Henrik Kristoffersen remporte le titre mondial en slalom géant,16 février 2019," | 			Robin Gremmel - Agence France-Presse	
",Sports
Cinq morts dans une fusillade en banlieue de Chicago,16 février 2019," | 			Nova Safo - Agence France-Presse	
",États-Unis
Sympathie pour les diables,16 février 2019," | 			Stéphane Baillargeon 
",Écrans
Airs de révolutions pour Dominique Fils-Aimé,16 février 2019,,Musique
RVQC: faire éclater les codes,16 février 2019,,Cinéma
L'illustratrice Cécile Gariépy partage ses sources d'inspiration,16 février 2019,,Vidéos
Spectaculaire prudence de Marie-Mai au Centre Bell,16 février 2019," | 			Philippe Renaud 
",Musique
Quand l’impatience de Trump commande l’état d’urgence,16 février 2019," | 			Fabien Deglise 
",États-Unis
Arrêt des procédures contre un ex-dirigeant de SNC-Lavalin,16 février 2019," | 			Améli Pineda 
",Société
"«L’actualité» ébranlée, mais à l’équilibre",16 février 2019," | 			Philippe Papineau 
",Médias
Pénurie de profs au Canada français,16 février 2019," | 			Marco Fortier 
",Éducation
Yves-François Blanchet assure Legault de sa collaboration,16 février 2019," | 			Magdaline Boutros 
",Québec
L’opposition libérale accuse la CAQ de manquer de transparence,16 février 2019," | 			Patrice Bergeron - La Presse canadienne	
",Québec
"Le dossier d’Éric Salvail, accusé d'agression sexuelle, de retour devant la justice",16 février 2019," | 			Améli Pineda 
",Société
"Sur vos écrans: populaire, mais controversé",16 février 2019," | 			Amélie Gaudreau 
",Écrans
Ludovic Bernard filme la rédemption par la musique classique,16 février 2019,,Cinéma
J’ai pas voté pour ça,16 février 2019," | 			Michel David 
",Chroniques
Raconter au-delà des mots,16 février 2019," | 			Marie Fradette 
",Lire
"AMI-Télé, de la description à l’action",16 février 2019," | 			Amélie Gaudreau 
",Écrans
Quoi surveiller cette fin de semaine?,16 février 2019," | 			Geneviève Tremblay 
",Société
La sculpture en question à la galerie Division,16 février 2019," | 			Nicolas Mavrikakis 
",Arts visuels
Le don de 200 millions à McGill fait franchir un palier à l’histoire de la philanthropie au Québec,16 février 2019," | 			Le Devoir 
",Société
Un chocolatier syrien souhaite embaucher et aider des réfugiés,16 février 2019," | 			La Presse canadienne 
",Société
Espagne: 200 000 personnes manifestent à Barcelone contre le procès des indépendantistes,16 février 2019," | 			Agence France-Presse 
",Europe
France: les «gilets jaunes» manifestent pour marquer trois mois de contestation sociale,16 février 2019," | 			Sarah Brethes - Agence France-Presse	
",Europe
Bobsleigh: Justin Kripps mène le Canada vers la victoire à Lake Placid,16 février 2019," | 			Associated Press 
",Sports
L’Impact défait l’Union 1-0 en match préparatoire,16 février 2019," | 			La Presse canadienne 
",Sports
Venezuela: nouvelle arrivée d’aide des États-Unis à la frontière de Colombie,16 février 2019," | 			Agence France-Presse 
",Monde
Vive inquiétude après l’effondrement d’un immeuble à Trois-Rivières,16 février 2019," | 			La Presse canadienne 
",Société
Un troisième revers de suite pour le Canadien,16 février 2019," | 			La Presse canadienne 
",Sports
Heather Nauert retire sa candidature du poste d’ambassadrice à l’ONU,16 février 2019," | 			Associated Press 
",États-Unis
Les 113 touristes québécois coincés en Haïti bien arrivés à Montréal,17 février 2019," | 			Morgan Lowrie - La Presse canadienne	
	, 		Helen Moka - La Presse canadienne	
	, 		Josiane Pelosse - La Presse canadienne	
",Société
Le palmarès du festival de cinéma de Berlin,17 février 2019," | 			Agence France-Presse (photo)  - Agence France-Presse	
",Cinéma
"Ali Baba, les quarante voleurs et le Venezuela",16 février 2019, | Pierre-André Julien,Idées
L’agent double,16 février 2019," | 			Louis Hamelin 
",Chroniques
"France: entre 1000 et 2000 «gilets jaunes» à Paris, pour les trois mois du mouvement",17 février 2019," | 			Agence France-Presse 
",Europe
"Seul l’État syrien peut protéger la population, déclare Bachar Al-Assad",17 février 2019," | 			Albert Aji - Associated Press	
",Moyen-Orient
Le refuge des prêtres abuseurs,16 février 2019," | 			Magdaline Boutros 
",Société
Accueil émouvant des Québécois de retour d’Haïti,17 février 2019," | 			Morgan Lowrie - La Presse canadienne	
",Société
Maternelle à 4 ans: 250 nouvelles classes seront créées dès l'automne,17 février 2019," | 			Vicky Fragasso-Marquis - La Presse canadienne	
",Québec
Des milliers de Libyens célèbrent le 8e anniversaire de leur révolte,17 février 2019," | 			Agence France-Presse 
",Moyen-Orient
Quoi retenir de la fin de semaine ?,16 février 2019," | 			Le Devoir 
",Société
"Un déraillement cause une fuite de pétrole au Manitoba, dit le CN",17 février 2019," | 			La Presse canadienne 
",Environnement
Venezuela: Guaidó veut un million de volontaires pour acheminer l’aide,17 février 2019," | 			Maria Isabel Sanchez - Agence France-Presse	
",Amériques
L’Australie dénonce le piratage de ses partis politiques par un «agent étatique»,17 février 2019," | 			Agence France-Presse 
",Monde
Une vidéo de Bernie Sanders annonce sa candidature à la présidentielle,17 février 2019," | 			Agence France-Presse 
",États-Unis
Les Panthers battent le Canadien 6-3,18 février 2019," | 			La Presse canadienne 
",Sports
La dette américaine court de record en record sous Trump,18 février 2019," | 			Virginie Montet - Agence France-Presse	
",États-Unis
L’acteur Bruno Ganz est décédé,18 février 2019," | 			Thierry Tranchant - Agence France-Presse	
",Cinéma
«Billydéki»: l’horreur des pensionnats autochtones,16 février 2019," | 			Anne-Frédérique Hébert-Dolbec 
",Lire
"Jean d’Ormesson, l’heure des comptes",16 février 2019," | 			Christian Desmeules 
",Lire
"À bord de l’«Amundsen», laboratoire flottant sur le Saint-Laurent",16 février 2019," | 			Alexis Riopel 
",Science
À quoi doit-on s’attendre du sommet au Vatican?,16 février 2019," | 			Améli Pineda 
	, 		Magdaline Boutros 
",Société
Alita: Battle Angel,16 février 2019,,Cinéma
Emmanuel Macron et les gilets jaunes: entre idéologie et utopie,16 février 2019," | 			Simon Castonguay	
",Le Devoir de philo/Histoire
"			Thierry Tranchant - Agence France-Presse	
",18 février 2019,"
» Lire ses articles les plus récents
                    Dernier article : L’acteur Bruno Ganz est décédé ",Cinéma
Une école de Lyon forme des «athlètes» du jeu vidéo,18 février 2019," | 			Daniel Abelous - Agence France-Presse	
",Éducation
Je ne suis pas Québécois,18 février 2019, | David Doyon,Lettres
"«Astronettes, la longue marche vers les étoiles»: la deuxième aile",18 février 2019," | 			Simon Lambert 
",Théâtre
Notre choix ce soir,18 février 2019," | 			Amélie Gaudreau 
",Écrans
Yémen: accord sur un retrait des combattants de Hodeida,18 février 2019," | 			Agence France-Presse 
",Moyen-Orient
Prisonniers palestiniens: Israël bloque des millions de dollars pour Ramallah,18 février 2019," | 			Agence France-Presse 
",Moyen-Orient
Des milliers de Libyens célèbrent le 8e anniversaire de leur révolte,18 février 2019," | 			Agence France-Presse 
",Afrique
L’acteur Bruno Ganz s’éteint,18 février 2019," | 			Agence France-Presse 
",Cinéma
Le refus de célébrer des mariages gais est de retour en cour à Terre-Neuve,18 février 2019," | 			Holly Mckenzie-Sutter - La Presse canadienne	
",Société
"Les insultes à un intellectuel, nouvelle illustration de l’antisémitisme en France",18 février 2019," | 			Agence France-Presse 
",Europe
L’Égypte totalitaire,18 février 2019," | 			François Brousseau 
",Chroniques
Une tempête canadienne,18 février 2019, | Simon St-Georges,Idées
La parole à nos lecteurs,18 février 2019,"

504




Notre histoire, ce n’est pas du passé

            Réponse à ceux qui pensent qu'il ne faut pas parler des histoires noires de notre passé.        

50418 février 2019
 | Michel Rioux
 |
        Libre opinion



",Libre opinion
"Notre histoire, ce n’est pas du passé",18 février 2019, | Michel Rioux,Libre opinion
Au-delà de SNC-Lavalin,18 février 2019," | 			Manon Cornellier 
",Éditoriaux
La thèse immunitaire,18 février 2019," | 			Jean-François Nadeau 
",Chroniques
Une décision retardée pour Trans Mountain?,18 février 2019," | 			Mia Rabson - La Presse canadienne	
",Canada
Eugenie Bouchard défait Vera Lapko à Dubaï,18 février 2019," | 			La Presse canadienne 
",Sports
Hockey féminin: le Canada bat les États-Unis 2-0 et gagne la Série de la rivalité,18 février 2019," | 			Associated Press 
",Sports
Rosie Maclennan remporte la médaille d’argent en trampoline à Bakou,18 février 2019," | 			La Presse canadienne 
",Sports
Mondiaux de ski alpin: Hirscher remporte un troisième titre,18 février 2019," | 			Robin Gremmel - Agence France-Presse	
",Sports
Quoi surveiller aujourd’hui?,18 février 2019," | 			Magdaline Boutros 
",Société
1000 civils retenus par le groupe EI dans une zone restreinte en Syrie,18 février 2019," | 			Sarah El Deeb - Associated Press	
",Monde
Miguel Angel Lopez remporte la 2e édition du Tour de Colombie,18 février 2019," | 			Agence France-Presse 
",Sports
"Les médecins sont «prêts» à donner plus de place aux infirmières, selon McCann",18 février 2019," | 			Isabelle Porter 
",Québec
Québec va créer 250 classes de maternelle 4 ans dès septembre,18 février 2019," | 			Fabien Deglise 
",Éducation
Le réseau de la santé à l’heure des changements climatiques,18 février 2019," | 			Annabelle Caillou 
",Santé
Somptueux retour aux sources,18 février 2019," | 			Christophe Huss 
",Musique
«Des centaines de kilomètres» du mur seront érigés d’ici 2020,18 février 2019," | 			Agence France-Presse 
",États-Unis
Tentative de «coup d’État» administratif aux États-Unis: une enquête est réclamée,18 février 2019," | 			Agence France-Presse 
",États-Unis
Les élèves coincés en Haïti rentrent au bercail,18 février 2019," | 			Agence France-Presse 
",Amériques
Équité réclamée entre stagiaires et travailleurs,18 février 2019," | 			Marco Bélair-Cirino 
",Québec
Coup double féminin pour le Québec à Berlin,18 février 2019," | 			Odile Tremblay 
",Cinéma
Le Vatican défroque l’ex-cardinal Theodore McCarrick,18 février 2019," | 			Catherine  Marciano - Agence France-Presse	
",Société
Cannabis: le parti pris des jeunes,18 février 2019, | Comité exécutif de l’Association des médecins psychiatres du Québec*,Idées
"Librairie Racines, la diversité en toutes lettres",18 février 2019," | 			Caroline Montpetit 
",Lire
Aide médicale à mourir: reprise des contestations sur les critères d’admissibilité,18 février 2019," | 			Pierre Saint-Arnaud - La Presse canadienne	
",Santé
Campagne de financement de «La Presse +»,18 février 2019, | Gaétan Lepage,Lettres
Amazon dit vouloir être plus écologique,18 février 2019," | 			Associated Press 
",Environnement
Un incendie force l’évacuation partielle de la Place Ville-Marie,18 février 2019," | 			La Presse canadienne 
",Société
Semaine cruciale autour de l’entrée de l’aide humanitaire au Venezuela,18 février 2019," | 			Maria Isabel Sanchez - Agence France-Presse	
",Amériques
Un manifeste contre les voyages en avion,18 février 2019," | 			Le Devoir 
",Société
La STM dépose une «offre globale et finale» pour ses employés d’entretien,18 février 2019," | 			La Presse canadienne 
",Montréal
Une subvention pour compenser les annulations de la traverse de Matane,18 février 2019," | 			Magdaline Boutros 
",Québec
Des oeuvres de Banksy en appui aux «gilets jaunes» sur un mur de Bordeaux?,18 février 2019," | 			Agence France-Presse 
",Europe
Des Cris veulent que le fédéral reconnaisse les impacts du développement industriel sur leur territoire,18 février 2019," | 			Alexandre Shields 
",Environnement
"Le calme sonore, une denrée rare dans les anciens faubourgs ouvriers montréalais",18 février 2019," | 			Florence Sara G. Ferraris  
",Transports / Urbanisme
Le Grincheux du 18 février,18 février 2019," | 			Pascal  
",Société
La glace à vol d’oiseau,18 février 2019," | 			Alexis Riopel 
",Science
L’hyperandrogénie: la question qui dérange l’athlétisme,18 février 2019," | 			Agence France-Presse 
",Sports
Maternelles 4 ans: le moyen pour la fin,19 février 2019, | Michel Gay,Lettres
Comment «aider» Haïti aujourd’hui?,19 février 2019," | Louis Favreau, Lucie Fréchette",Idées
Syrie: au moins 24 morts dans un attentat à Idlib,19 février 2019," | 			Agence France-Presse 
",Moyen-Orient
R-U: sept députés travaillistes démissionnent,19 février 2019," | 			Agence France-Presse 
",Moyen-Orient
La Nouvelle-Zélande taxera les géants du Web,19 février 2019," | 			Associated Press 
",Économie
Record des dividendes mondiaux,19 février 2019," | 			Agence France-Presse 
",Économie
Amazon veut réduire son empreinte carbone,19 février 2019," | 			Associated Press 
",Économie
Commerce: l’UE ripostera si Washington surtaxe ses voitures,19 février 2019," | 			Clément  Zampa - Agence France-Presse	
",Économie
L’écart salarial homme-femme passe à 3$ l’heure,19 février 2019," | 			Gérard Bérubé 
",Économie
Rémunération: Saputo accorde le vote consultatif,19 février 2019," | 			La Presse canadienne 
",Économie
Brexit: Honda va fermer au Royaume-Uni,19 février 2019," | 			Agence France-Presse 
",Économie
Best Western achète WorldHotels,19 février 2019," | 			Le Devoir 
",Économie
Le feu jaune de Londres à Huawei pourrait donner des arguments à Ottawa,19 février 2019," | 			Jim Bronskill - La Presse canadienne	
",Économie
Les Hurricanes n’ont pas tardé à réagir aux commentaires de Cherry,19 février 2019," | 			La Presse canadienne 
",Sports
Sebastian Vettel et Ferrari donnent le ton des essais hivernaux en Formule 1,19 février 2019," | 			Associated Press 
",Sports
Hugo Barrette aborde les Mondiaux de cyclisme sur piste l’esprit libre,19 février 2019," | 			Frédéric Daigle - La Presse canadienne	
",Sports
Forum RIDEAU: des messages pour favoriser un public silencieux?,19 février 2019," | 			Philippe Papineau 
",Culture
Notre choix ce soir,19 février 2019," | 			Amélie Gaudreau 
",Écrans
Armes à feu: ne pas lâcher prise,19 février 2019," | 			Brian Myles 
",Éditoriaux
